,coef,std_err,std_err_HC3,t,t_HC3,p,p_HC3
const,-0.03901354866799843,0.037437281186805206,0.038098064126535096,-1.042104218875509,-1.024029686611444,0.2984388154115688,0.30582125327182297
Poverty,-0.5369836117087871,0.06383448077617228,0.05861980369783414,-8.41212468840553,-9.160447115735177,4.004882389477436e-15,5.1682731341456374e-20
Distance,-0.4367315225396,0.058894160965896246,0.07129140290465616,-7.415531784084631,-6.126005447300243,2.211083516078904e-12,9.011272203116135e-10
PopulationDensity,-1.0636636468936143,0.0431241458202003,0.07724273836428187,-24.66515282014863,-13.770403139739894,5.026457271972546e-67,3.8406396602077e-43
