Test,Statistic,p_value
Breusch-Pagan,24.842460634426264,1.6656993978658287e-05
White,35.96576963572426,4.0204913443532635e-05
