Variable,VIF
Poverty,2.907381734567089
Distance,2.47477588369926
PopulationDensity,1.3268823250364696
