Metric,Value
Moran's I,0.5081179419136492
p-value (permutation),0.001
z-score,13.8104221225577
