Model,AIC,R2
OLS,418.0791612680841,0.7714239593568177
SLM,413.6469827711716,0.7783688474957097
SEM,248.604305710868,0.765840720792437
